t,res_FRLT,res_G1,res_R1
0,0,0.0000010706418061190829,0.0000013631834857974934
0.008,0.0000011032684655933008,0.0000021760628388094974,0.000002323946315100715
0.016,0.000002243272341466395,0.0000033173198398636293,0.000003410798453584563
0.024,0.000003420374383824909,0.000004495499147733284,0.000004551097707261987
0.032,0.000004635575515908436,0.000005711717444083827,0.000005735798843667151
0.04,0.000005889980095438491,0.000006967122516608085,0.000006962723817980774
0.048,0.000007184746308689739,0.000008262894038377503,0.0000082315885523352
0.056,0.000008521076089666147,0.000009600244364010519,0.000009542842251100372
0.064,0.000009900210846805273,0.000010980419342940624,0.00001089728475101305
0.07200000000000001,0.00001132342819902707,0.000012404699150068945,0.000012295912545413066
0.08,0.000012792040179369494,0.000013874399134088601,0.00001373984805604843
0.088,0.000014307393272639505,0.000015390870683770308,0.000015230303966685574
0.096,0.000015870869792799182,0.000016955502112501025,0.0000167685639951794
0.10400000000000001,0.00001748388980672118,0.000018569719561369593,0.00001835597203870828
0.112,0.000019147912993596965,0.000020234987921095428,0.00001999392587726176
0.12,0.00002086444014817629,0.000021952811773098366,0.000021683873498819146
0.128,0.00002263501428757365,0.000023724736350009815,0.000023427311004451218
0.136,0.000024461221455445648,0.000025552348515927193,0.00002522578150505183
0.14400000000000002,0.00002634469135784721,0.000027437277766715494,0.00002708087466349664
0.152,0.00002828709795225865,0.00002938119725066158,0.000028994226671137234
0.16,0.00003029016007725854,0.00003138582480978846,0.00003096752052589574
0.168,0.000032355642174207905,0.000033452924042138465,0.000033002486526217067
0.176,0.00003448535512286073,0.00003558430538533543,0.000035100902924164716
0.184,0.00003668115719242207,0.000037781827221737964,0.000037264596699355156
0.192,0.000038944955097483034,0.0000400473970054964,0.00003949544442737871
0.2,0.000041278705142541214,0.00004238297241182809,0.000041795373224281615
0.20800000000000002,0.00004368441443742162,0.00004479056250882585,0.000044166361754042964
0.216,0.000046164142167117,0.000047272228952116317,0.00004661044128966604
0.224,0.00004872000090210427,0.00004983008720268499,0.00004912969682108102
0.232,0.000051354157938202986,0.00005246630776818603,0.000051726268204883195
0.24,0.000054068836658006566,0.00005518311746805528,0.000054402351352244525
0.248,0.00005686631790855427,0.00005798280072274545,0.00005716019945229416
0.256,0.000059748941392100495,0.000060867700867403134,0.00006000212422896495
0.264,0.00006271910706855485,0.00006384022149030662,0.00006293049722983057
0.272,0.00006577927656944635,0.00006690282779638515,0.00006594775114584824
0.28,0.00006893197462416549,0.00007005804799613841,0.00006905638116122357
0.28800000000000003,0.00007217979049983046,0.00007330847472027622,0.00007225894633284062
0.296,0.00007552537945647116,0.00007665676646039748,0.00007555807099887731
0.304,0.00007897146421939258,0.00008010564903602687,0.00007895644621636352
0.312,0.00008252083647061244,0.00008365791708832751,0.00008245683122754449
0.32,0.00008617635836121277,0.00008731643560080636,0.00008606205495499806
0.328,0.00008994096404633028,0.00009108414144732901,0.00008977501752551953
0.336,0.00009381766124436254,0.00009496404496775838,0.00009359869182284063
0.34400000000000003,0.00009780953282180326,0.00009895923157153139,0.00009753612506929174
0.352,0.00010191973840495236,0.00010307286336948533,0.00010159044043654884
0.36,0.00010615151601958559,0.0001073081808342448,0.00010576483868563441
0.368,0.00011050818375951732,0.00011166850448947724,0.00011006259983636217
0.376,0.00011499314148485483,0.0001161572366283238,0.00011448708486643322
0.384,0.00011960987255061988,0.00012077786306130957,0.0001190417374404025
0.392,0.00012436194556631126,0.00012553395489403455,0.0001237300856687488
0.4,0.00012925301618688863,0.0001304291703349447,0.00012855574389728563
0.40800000000000003,0.0001342868289355879,0.00013546725653347858,0.00013352241452715843
0.41600000000000004,0.00013946721905891028,0.00014065205144888214,0.0001386338898656787
0.424,0.0001447981144140828,0.00014598748574998213,0.00014389405400824676
0.432,0.00015028353738924215,0.00015147758474620256,0.0001493068847516177
0.44,0.00015592760685656672,0.00015712647035010687,0.00015487645553876643
0.448,0.00016173454015855175,0.00016293836307174365,0.00016060693743560607
0.456,0.00016770865512761036,0.00016891758404506942,0.00016650260113981491
0.464,0.0001738543721391639,0.00017506855708671683,0.0001725678190220223
0.47200000000000003,0.00018017621619837882,0.00018139581078737316,0.0001788070671996069
0.48,0.00018667881906070006,0.00018790398063602757,0.00018522492764335062
0.488,0.0001933669213863255,0.00019459781117734127,0.00019182609031719513
0.496,0.00020024537492876581,0.0002014821582023873,0.0001986153553513387
0.504,0.00020731914475763028,0.0002085619909730042,0.00020559763524890973
0.512,0.00021459331151578044,0.00021584239447999684,0.00021277795712644647
0.52,0.00022207307371099343,0.00022332857173541673,0.00022016146498840867
0.528,0.00022976375004227508,0.0002310258460991412,0.00022775342203594016
0.536,0.00023767078176096458,0.00023893966363997064,0.00023555921301009522
0.544,0.000245799735066772,0.0002470755955314488,0.00024358434656973586
0.552,0.00025415630353888756,0.00025543934048260917,0.00025183445770429925
0.56,0.0002627463106023027,0.00026403672720383897,0.0002603153101816277
0.5680000000000001,0.00027157571202947827,0.0002728737169080457,0.00026903279903104635
0.5760000000000001,0.0002806505984774952,0.00028195640584730095,0.00027799295306186485
0.584,0.0002899771980608167,0.00029129102788513073,0.000287201937417471
0.592,0.00029956187895979183,0.0003008839571046067,0.000296666056165177
0.6,0.0003094111520650168,0.00031074171045239094,0.00030639175492196797
0.608,0.0003195316736576754,0.0003208709504188669,0.0003163856235162928
0.616,0.0003299302481259658,0.00033127848775449023,0.0003266543986860313
0.624,0.00034061383071771686,0.00034197128422247335,0.0003372049668127547
0.632,0.00035158953032928843,0.0003529564553879107,0.0003480443666923933
0.64,0.00036286461233084235,0.0003642412734434417,0.000359179792342409
0.648,0.0003744465014280631,0.00037583317007153444,0.00037061859584556047
0.656,0.0003863427845603919,0.0003877397393434606,0.00038236829023033896
0.664,0.00039856121383583535,0.00039996874065502175,0.00039443655238813785
0.672,0.00041110970950239124,0.0004125281016990756,0.0004068312260272088
0.68,0.00042399636295612826,0.00042542592147489265,0.00041956032466344286
0.6880000000000001,0.00043722943978593935,0.00043867047333436617,0.0004326320346480039
0.6960000000000001,0.00045081738285498085,0.0004522702080650813,0.00044605471823182583
0.704,0.0004647688154187892,0.0004662337570102337,0.00045983691666697326
0.712,0.00047909254428006245,0.00048056993522537894,0.0004739873533448476
0.72,0.0004937975629800673,0.0004952877446719732,0.0004885149369712131
0.728,0.0005088930550266333,0.0005103963774476521,0.0005034287647779923
0.736,0.0005243883971586612,0.0005259052190531827,0.0005187381257717715
0.744,0.0005402931626470766,0.0005418238516960005,0.0005344525040189433
0.752,0.0005566171246321263,0.000558162057630234,0.0005505815819673864
0.76,0.0005733702594969103,0.0005749298225330978,0.0005671352438045795
0.768,0.0005905627502770195,0.0005921373389175175,0.0005841235788520207
0.776,0.0006082049901061316,0.0006097950095808405,0.0006015568849958037
0.784,0.0006263075856973993,0.0006279134510894525,0.0006194456721531983
0.792,0.0006448813608604526,0.0006465034972991183,0.000637800665775046
0.8,0.0006639373600538059,0.000665576202910837,0.0006566328103837786
0.808,0.0006834868519724539,0.000685142847061984,0.0006759532731468363
0.8160000000000001,0.0007035413331704119,0.000705214936952493,0.000695773447485255
0.8240000000000001,0.0007241125317179386,0.0007258042115058118,0.00071610495671716
0.8320000000000001,0.0007452124108931632,0.0007469226450643433,0.0007369596577358905
0.84,0.0007668531729078051,0.000768582451119069,0.0007583496447224604
0.848,0.0007890472626666718,0.0007907960860730173,0.0007802872528920308
0.856,0.000811807371560578,0.0008135762530382325,0.0008027850622740608
0.864,0.0008351464412923263,0.0008369359056658716,0.000825855901525768
0.872,0.0008590776677353501,0.0008608882520090271,0.0008495128517785182
0.88,0.000883614504824611,0.0008854467584178649,0.000873769250516739
0.888,0.0009087706684793052,0.0009106251534666349,0.0008986386954889212
0.896,0.0009345601405569256,0.0009364374319120851,0.0009241350486502647
0.904,0.0009609971728381877,0.000962897858682794,0.0009502724401364791
0.912,0.0009880962910423087,0.0009900209728989089,0.0009770652722682523
0.92,0.0010158722988721106,0.001017821591921748,0.0010045282235858473
0.928,0.00104434028208838,0.0010463148154327107,0.001032676252913289
0.936,0.0010735156126128978,0.001075516029540896,0.0010615246034515577
0.9440000000000001,0.001103413952659537,0.0011054409109188283,0.0010910888069001854
0.9520000000000001,0.0011340512588927753,0.0011361054309656372,0.0011213846876066403
0.96,0.001165443786612969,0.0011675258599970356,0.0011524283667428258
0.968,0.001197608093967687,0.0011997187714613915,0.0011842362665080367
0.976,0.0012305610461883915,0.0012327010461811814,0.0012168251143576387
0.984,0.0012643198198517176,0.0012664898766190662,0.0012502119472567606
0.992,0.001298901907164568,0.0013011027711678257,0.0012844141159582179
1,0.001334325120272229,0.00133655755846333,0.001319449289303886
1.008,0.0013706075955886687,0.001372872391719728,0.0013553354585486988
1.016,0.0014077677981481603,0.0014100657530859862,0.001392090941706428
1.024,0.0014458245259773282,0.001448156458022874,0.0014297343879163633
1.032,0.0014847969144867162,0.0014871636596994959,0.00146828478182998
1.04,0.0015247044408809045,0.001527106853408395,0.0015077614480166728
1.048,0.001565566928586207,0.0015680058809982643,0.001548184055387572
1.056,0.0016074045516949421,0.0016098809353232426,0.001589572621636454
1.064,0.0016502378394252152,0.0016527525647077547,0.0016319475176967177
1.072,0.0016940876805951646,0.0016966416774258258,0.001675329472213365
1.08,0.001738975328110545,0.0017415695461937533,0.0017197395760288974
1.088,0.0017849224034645235,0.0017875578126750177,0.0017651992866820091
1.096,0.0018319509012485193,0.0018346284919962424,0.0018117304329179156
1.104,0.0018800831936728814,0.0018828039772730185,0.0018593552192091491
1.112,0.0019293420350961813,0.001932107044144354,0.0019080962302855848
1.12,0.001979750566561849,0.0019825608553144815,0.0019579764356724666
1.1280000000000001,0.0020313323203408552,0.0020341889651007325,0.0020090191942351305
1.1360000000000001,0.0020841112244791168,0.002087015323986143,0.002061248258729139
1.1440000000000001,0.002138111607348255,0.002141064283175425,0.0021146877803544543
1.1520000000000001,0.002193358202198318,0.002196360599152918,0.002169362313312277
1.16,0.0022498761517110296,0.0022529294382410735,0.002225296819363153
1.168,0.002307691012552119,0.0023107963811580304,0.002282516672384878
1.176,0.0023668287599212055,0.0023699874275727693,0.002341047662928737
1.184,0.002427315792097752,0.0024305290006563156,0.0024009160027725586
1.192,0.0024891789349814858,0.00249244795162745,0.0024621483294690423
1.2,0.0025524454466257064,0.0025557715642912887,0.002524771710887774
1.208,0.0026171430217618655,0.002620527559569156,0.00258881364974932
1.216,0.002683299796313719,0.0026867441000180234,0.0026543020881497417
1.224,0.002750944351899396,0.0027544497943378828,0.0027212654120738686
1.232,0.0028201057203196146,0.002823673701865263,0.002789732455895597
1.24,0.002890813388030326,0.0028944453370511602,0.002859732506863478
1.248,0.002963097300597926,0.0029667946739215787,0.0029312953095697964
1.256,0.0030369878671352717,0.003040752150518829,0.0030044510704013527
1.264,0.003112515964716591,0.003116348673321747,0.00307923046197006
1.272,0.00318971294276939,0.0031936156216429068,0.003155664627521515
1.28,0.003268610627441462,0.0032725848520009167,0.0032337851853195933
1.288,0.0033492413259409884,0.0033532887024658115,0.003313624233005133
1.296,0.0034316378308477586,0.003435759996975566,0.0033952143519267305
1.304,0.003515833424393476,0.0035200320496216716,0.0034785886114416177
1.312,0.0036018618827090856,0.0036061386689017335,0.0035637805731845865
1.32,0.00368975748003702,0.0036941141619369795,0.0036508242953028716
1.328,0.0037795549929062525,0.0037839933386525472,0.003739754336654877
1.336,0.003871289704267975,0.003875811515918418,0.0038306057609706137
1.344,0.003964997407589736,0.003969604521648751,0.003923414140971658
1.352,0.004060714410905793,0.004065408698857448,0.004018215562448424
1.36,0.004158477540821435,0.004163260909667672,0.004115046628292521
1.368,0.00425832414646901,0.004263198539273015,0.004213944462481919
1.3760000000000001,0.0043602921034132935,0.004365259499848035,0.004314946714016605
1.3840000000000001,0.0044644198175039125,0.004469482234405795,0.004418091560802445
1.3920000000000001,0.00457074622867242,0.004575905720600016,0.0045234177134808404
1.4000000000000001,0.004679310814671613,0.0046845694744695006,0.004630964419201813
1.408,0.00479015359475468,0.004795513554122295,0.004740771465338102
1.416,0.004903315133291712,0.004908778563357222,0.004852879183137834
1.424,0.005018836543321094,0.005024405655220252,0.004967328451313257
1.432,0.005136759490033252,0.0051424365354932,0.005084160699563082
1.44,0.005257126194184235,0.005262913466112221,0.0052034179120258725
1.448,0.005379979435436553,0.00538587926851351,0.005325142630661932
1.456,0.005505362555624691,0.005511377326903656,0.005449377958561143
1.464,0.005633319461942662,0.005639451591451988,0.005576167563174083
1.472,0.005763894630051,0.0057701465814023216,0.005705555679463874
1.48,0.0058971331071004905,0.005903507388101369,0.005837587112976043
1.488,0.0060330805146699895,0.006039579677941231,0.005972307242823763
1.496,0.0061717830516155765,0.006178409695213154,0.006109762024585754
1.504,0.006313287496828405,0.006320044264869906,0.006249997993114138
1.512,0.006457641211898388,0.006464530795193982,0.006393062265249502
1.52,0.006604892143681045,0.006611917280368879,0.006539002542440418
1.528,0.0067550888267646865,0.006762252302950657,0.006687867113264646
1.536,0.006908280385835158,0.006915585036236976,0.0068397048558492095
1.544,0.007064516537935274,0.007071965246530831,0.006994565240186538
1.552,0.00722384759461619,0.007231443295296061,0.007152498330343871
1.56,0.007386324463977792,0.007394070141201869,0.007313554786563054
1.568,0.007551998652595276,0.0075598973420534475,0.007477785867247873
1.576,0.007720922267329059,0.007728977056605852,0.0076452434308360686
1.584,0.007893148017015088,0.007901362046258204,0.007815979937553147
1.592,0.008068729214032703,0.008077105676625347,0.00799004845104509
1.6,0.008247719775747116,0.008256261918984091,0.00816750263988704
1.608,0.008430174225823603,0.008438885351591015,0.008348396778965124
1.616,0.008616147695410501,0.008625031160869033,0.008532785750728382
1.624,0.008805695924188056,0.008814755142459711,0.008720725046307977
1.6320000000000001,0.00899887526128022,0.009008113702138438,0.008912270766500703
1.6400000000000001,0.009195742666026442,0.009205163856589496,0.009107479622613874
1.6480000000000001,0.009396355708610558,0.00940596323403812,0.009306408937168649
1.6560000000000001,0.009600772570543755,0.009610570074736553,0.009509116644458854
1.6640000000000001,0.009809052044998772,0.00981904323130123,0.00971566129096236
1.672,0.010021253536992372,0.010031442168898105,0.009926102035602105
1.68,0.0102374370634131,0.010247826965273158,0.010140498649853778
1.688,0.010457663252891457,0.010468258310625268,0.010358911517697267
1.696,0.010681993345509592,0.010692797507318387,0.01058140163540895
1.704,0.010910489192347514,0.010921506469430195,0.010808030611191864
1.712,0.011143213254862993,0.011154447722134291,0.011038860664640908
1.72,0.011380228604102217,0.011391684400913019,0.011273954626040106
1.728,0.011621598919738357,0.011633280250598099,0.011513375935489109
1.736,0.011867388488935121,0.011879299624236074,0.011757188641855995
1.744,0.012117662205032504,0.012129807481775867,0.012005457401553545
1.752,0.012372485566051838,0.012384869388575474,0.012258247477136129
1.76,0.012631924673017362,0.012644551513725058,0.012515624735714378
1.768,0.012896046228091495,0.012908920628183574,0.01277765564718482
1.776,0.013164917532521034,0.013178044102726246,0.013044407282271684
1.784,0.013438606484391557,0.01345198990569999,0.013315947310378152
1.792,0.013717181576187192,0.013730826600584195,0.013592343997244216
1.8,0.01400071189215323,0.014014623343354045,0.013873666202408522
1.808,0.014289267105458693,0.014303449879643784,0.014159983376471438
1.816,0.014582917475156384,0.014597376541707213,0.014451365558156725
1.824,0.014881733842937716,0.01489647424517281,0.014747883371169116
1.832,0.015185787629679736,0.01520081448559095,0.015049608020845305
1.84,0.015495150831781865,0.01551046933477059,0.015356611290595656
1.848,0.015809896017289715,0.015825511436902955,0.015668965538134176
1.856,0.01613009632180368,0.016146014004469692,0.01598674369149428
1.864,0.016455825444169705,0.01647205081393319,0.016310019244827802
1.872,0.016787157641949966,0.01680369620120651,0.016638866253984887
1.8800000000000001,0.017124167726671025,0.017141025056900676,0.016973359331872467
1.8880000000000001,0.017466931058847196,0.017484112821346976,0.017313573643588823
1.8960000000000001,0.01781552354277696,0.017833035479392075,0.01765958490133213
1.9040000000000001,0.018170021621109977,0.018187869554963664,0.01801146935908064
1.9120000000000001,0.018530502269182847,0.018548692105404545,0.018369303807042367
1.92,0.018897042989121288,0.018915580715572984,0.018733165565872144
1.928,0.01926972180370681,0.019288613491707372,0.019103132480653953
1.936,0.019648617250005822,0.019667869055053154,0.019479282914646547
1.944,0.020033808372759334,0.02005342653525002,0.019861695742790345
1.952,0.020425374717531263,0.020445365563477695,0.0202504503449738
1.96,0.02082339632361363,0.020843766265358256,0.020645626599057245
1.968,0.02122795371668691,0.021248709253613465,0.021047304873652608
1.976,0.02163912790123375,0.0216602756204752,0.02145556602065712
1.984,0.022057000352704595,0.022078546929847696,0.02187049136753956
1.992,0.022481653009433535,0.022503605209219672,0.022292162709377266
2,0.022913168264303035,0.022935532941325183,0.02272066230064249
2.008,0.023351628956156046,0.023374413055551612,0.02315607284673676
2.016,0.023797118360954307,0.023820328919093657,0.023598477495271674
2.024,0.02424972018268136,0.024273364327851793,0.02404795982709507
2.032,0.024709518543989423,0.024733603497074354,0.024504603847061174
2.04,0.02517659797658883,0.025201131051741963,0.024968493974543766
2.048,0.025651043411379016,0.025676032016693315,0.025439715033691187
2.056,0.02613294016832036,0.02615839180649144,0.025918352243422278
2.064,0.026622373946045656,0.026648296215029652,0.026404491207162428
2.072,0.027119430811211005,0.027145831404876315,0.02689821790231884
2.08,0.027624197187584913,0.027651083896357915,0.02739961866949437
2.088,0.02813675984487545,0.028164140556379676,0.027908780201439356
2.096,0.028657205887294805,0.028685088586983553,0.028425789531740853
2.104,0.029185622741860883,0.029214015513642878,0.028950734023248877
2.112,0.029722098146435654,0.02975100917329363,0.029483701356239435
2.12,0.030266720137500227,0.03029615770210198,0.030024779516313754
2.128,0.03081957703766624,0.03084954952296823,0.03057405678203411
2.136,0.03138075744292393,0.03141127333276692,0.03113162171229579
2.144,0.03195035020962683,0.03198141808932327,0.03169756313343543
2.152,0.032528444441213236,0.03256007299812648,0.0322719701260758
2.16,0.033115129474664946,0.03314732749877974,0.03285493201170753
2.168,0.03371049486670371,0.03374327125118769,0.03344653833900782
2.176,0.034314630379725604,0.03434799412148189,0.03404687886989701
2.184,0.03492762596747451,0.03496158616768469,0.03465604356533323
2.192,0.035549571760455076,0.03558413762511259,0.03527412257084608
2.2,0.036180558051086005,0.036215738891519744,0.03590120620181009
2.208,0.03682067527859505,0.036856480511982585,0.03653738492845888
2.216,0.03747001401365621,0.0375064531635269,0.037182749360641074
2.224,0.03812866494277115,0.03816574763949822,0.03783739023231913
2.232,0.03879671885239528,0.03883445483367723,0.038501398385812305
2.24,0.039474266612810664,0.03951266572414143,0.03917486475578533
2.248,0.04016139916174695,0.040200471356874476,0.03985788035298395
2.2560000000000002,0.040858207487752124,0.040897962829125445,0.04055053624771947
2.2640000000000002,0.04156478261331485,0.04160523127251912,0.04125292355310348
2.2720000000000002,0.04228121557774057,0.042322367835919694,0.041965133408035156
2.2800000000000002,0.043007597419782856,0.043049463668049945,0.042687256959942826
2.2880000000000003,0.043744019160032906,0.043786609899867816,0.043419385347281875
2.2960000000000003,0.04449057178306894,0.04453389762670278,0.044161609681791496
2.3040000000000003,0.045247346219368184,0.045291417890154693,0.044914021030512494
2.312,0.046014433326983906,0.046059261659757225,0.04567671039756859
2.32,0.046791923872990256,0.046837519814408965,0.04644976870571383
2.328,0.04757990851469757,0.04762628312357472,0.047233286777649035
2.336,0.04837847778064129,0.04842564222826016,0.04802735531711008
2.344,0.04918772205134736,0.04923568762176263,0.04883206488973066
2.352,0.05000773153987732,0.050056509630201584,0.04964750590368335
2.36,0.05083859627215663,0.050888198392831686,0.05047376859010146
2.368,0.05168040606708927,0.05173084384214239,0.051310942983285826
2.376,0.05253325051646254,0.05258453568374698,0.05215911890069914
2.384,0.053397218964645735,0.05344936337606556,0.05301838592275245
2.392,0.05427240048808611,0.05432541610980506,0.053888833372386855
2.4,0.05515888387460672,0.055212782787240705,0.054770550294454566
2.408,0.056056757602509694,0.056111552001302904,0.05566362543490339
2.416,0.05696610981948952,0.05702181201447366,0.05656814721976872
2.424,0.05788702832136046,0.05794365073749712,0.05748420373397731
2.432,0.05881960053060252,0.058877155707908246,0.058411882699967235
2.44,0.05976391347473091,0.05982241406838493,0.05935127145612863
2.448,0.06072005376449328,0.060779512544927396,0.06030245693506991
2.456,0.061688107571899985,0.06174853742487078,0.06126552564171398
2.464,0.06266816060809201,0.06272957453473466,0.062240563631229776
2.472,0.06366029810105181,0.0637227092179158,0.06322765648680369
2.48,0.06466460477316245,0.0647280263122285,0.06422688929725669
2.488,0.06568116481862002,0.06574561012729839,0.06523834663451168
2.496,0.06671006188070515,0.06677554442181487,0.06626211253091695
2.504,0.06775137902891892,0.06781791238064779,0.06729827045643143
2.512,0.06880519873598946,0.06887279659183451,0.06834690329567684
2.52,0.06987160285475383,0.06994027902344255,0.06940809332486289
2.528,0.07095067259492271,0.07102044100031402,0.07048192218859144
2.536,0.0720424884997329,0.07211336318069832,0.07156847087654561
2.544,0.07314713042249407,0.07321912553277864,0.0726678197000696
2.552,0.0742646775030362,0.07433780731109893,0.0737800482686461
2.56,0.07539520814406378,0.07546948703289763,0.0749052354662772
2.568,0.07653879998742405,0.07661424245435498,0.07604345942777521
2.576,0.07769552989029466,0.07777215054676004,0.0771947975149704
2.584,0.07886547390129899,0.07894328747260441,0.07835932629284206
2.592,0.08004870723655454,0.08012772856160977,0.07953712150557951
2.6,0.08124530425566238,0.08132554828669575,0.08072825805258035
2.608,0.08245533843764447,0.0825368202398953,0.0819328099643927
2.616,0.0836788823568351,0.08376161710822509,0.08315085037860862
2.624,0.08491600765873564,0.08500001064951765,0.08438245151571591
2.632,0.08616678503583766,0.08625207166822269,0.08562768465491535
2.64,0.08743128420342364,0.08751786999118578,0.08688662010991158
2.648,0.08870957387535186,0.08879747444341064,0.08815932720468381
2.656,0.0900017217398336,0.09009095282381398,0.08944587424924524
2.664,0.09130779443520981,0.09139837188097961,0.09074632851539795
2.672,0.09262785752573538,0.0927197972889201,0.09206075621249156
2.68,0.09396197547737929,0.09405529362285381,0.09338922246319313
2.688,0.09531021163364758,0.09540492433500525,0.0947317912792764
2.696,0.09667262819143804,0.09676875173043663,0.09608852553743862
2.704,0.09804928617693452,0.09814683694291894,0.09745948695515212
2.712,0.0994402454215486,0.09953923991085054,0.09884473606656019
2.72,0.1008455645379174,0.10094601935323186,0.10024433219842414
2.728,0.10226530089596586,0.10236723274570377,0.10165833344613044
2.736,0.10369951059904105,0.1038029362966589,0.10308679664976649
2.744,0.1051482484601281,0.10525318492343394,0.10452977737027287
2.7520000000000002,0.1066115679781551,0.10671803222859105,0.10598732986568087
2.7600000000000002,0.10808952131439657,0.10819753047629746,0.1074595070674439
2.7680000000000002,0.10958215926898308,0.1096917305688118,0.1089463605568707
2.7760000000000002,0.11108953125752645,0.111200682023085,0.11044794054167023
2.7840000000000003,0.11261168528786857,0.11272443294748624,0.11196429583261527
2.7920000000000003,0.11414866793696303,0.11426303001866006,0.11349547382033477
2.8000000000000003,0.11570052432789808,0.1158165184585258,0.11504152045224304
2.8080000000000003,0.11726729810706969,0.11738494201142681,0.11660248020961456
2.816,0.11884903142151321,0.11896834292143865,0.1181783960848134
2.824,0.12044576489640357,0.12056676190984494,0.11976930955868613
2.832,0.12205753761273117,0.12218023815278985,0.12137526057812631
2.84,0.12368438708516351,0.12380880925911593,0.12299628753382073
2.848,0.12532634924010164,0.12545251124839654,0.12463242723818521
2.856,0.12698345839393904,0.1271113785291713,0.12628371490349902
2.864,0.1286557472315329,0.12878544387739355,0.12795018412024722
2.872,0.13034324678489653,0.13047473841509916,0.12963186683567948
2.88,0.1320459864121213,0.13217929158930491,0.13132879333259423
2.888,0.13376399377653747,0.13389913115114574,0.1330409922083577
2.896,0.13549729482612266,0.13563428313525963,0.13476849035416485
2.904,0.1372459137731661,0.13738477183942904,0.1365113129345541
2.912,0.1390098730741998,0.13915061980448792,0.13826948336718173
2.92,0.1407891934102014,0.14093184779450202,0.14004302330286617
2.928,0.1425838936670818,0.14272847477723322,0.14183195260591172
2.936,0.1443939909164635,0.1445405179048945,0.14363628933471798
2.944,0.14621950039675938,0.14636799249520663,0.14545604972268725
2.952,0.14806043549456038,0.14821091201276237,0.1472912481594348
2.96,0.14991680772634103,0.15006928805070924,0.14914189717231394
2.968,0.15178862672049037,0.15194313031275902,0.15100800740826212
2.976,0.15367590019967883,0.15383244659553078,0.15288958761597832
2.984,0.15557863396356678,0.15573724277123843,0.15478664462843883
2.992,0.15749683187186578,0.15765752277072917,0.15669918334576102
3,0.1594304958277589,0.15959328856688224,0.1586272067184226
3.008,0.16137962576168963,0.16154454015837644,0.16057071573084522
3.016,0.16334421961552723,0.1635112755538328,0.16252970938535066
3.024,0.1653242733271157,0.16549349075634368,0.16450418468649716
3.032,0.1673197808152161,0.1674911797483929,0.1664941366258044
3.04,0.16933073396484893,0.16950433447717791,0.16849955816687567
3.048,0.17135712261304487,0.1715329448403387,0.17052044023092391
3.056,0.1733989345350109,0.17357699867210488,0.17255677168271052
3.064,0.175456155430721,0.17563648172986496,0.17460853931690373
3.072,0.17752876891193745,0.17771137768116815,0.17667572784486538
3.08,0.17961675648967082,0.17980166809116463,0.17875831988187194
3.088,0.1817200975620864,0.18190733241049165,0.1808562959347786
3.096,0.18383876940286267,0.18402834796361386,0.18296963439013325
3.104,0.18597274715001144,0.18616468993762372,0.18509831150274697
3.112,0.1881220037951642,0.1883163313715092,0.18724230138472903
3.12,0.19028651017333278,0.19048324314589585,0.18940157599499244
3.128,0.1924662349531509,0.1926653939732707,0.1915761051292371
3.136,0.19466114462760303,0.19486275038869263,0.1937658564104174
3.144,0.19687120350524637,0.19707527674099726,0.1959707952797011
3.152,0.19909637370193414,0.1993029351845023,0.19819088498792423
3.16,0.20133661513304316,0.20154568567121922,0.20042608658755068
3.168,0.2035918855062156,0.2038034859435774,0.20267635892513985
3.176,0.2058621403146168,0.2060762915276659,0.2049416586343309
3.184,0.20814733283071774,0.20836405572700062,0.20722194012934753
3.192,0.21044741410060638,0.21066672961681895,0.20951715559902856
3.2,0.2127623329388332,0.21298426203891083,0.21182725500139263
3.208,0.21509203592379642,0.21531659959698882,0.21415218605873773
3.216,0.21743646739367167,0.21766368665260327,0.21649189425328538
3.224,0.21979556944289114,0.2200254653216072,0.2188463228233705
3.232,0.22216928191917654,0.22240187547117554,0.22121541276018364
3.24,0.2245575424211305,0.2247928547173832,0.22359910280507095
3.248,0.2269602862963906,0.22719833842334583,0.22599732944739304
3.2560000000000002,0.22937744664035023,0.2296182596979282,0.22841002692295026
3.2640000000000002,0.23180895429544962,0.2320525493950234,0.23083712721297656
3.2720000000000002,0.23425473785104192,0.23450113611340606,0.23327856004370662
3.2800000000000002,0.23671472364383603,0.23696394619716482,0.23573425288651859
3.2880000000000003,0.23918883575892097,0.23944090373671537,0.2382041309586568
3.2960000000000003,0.24167699603137413,0.2419319305703978,0.24068811722453815
3.3040000000000003,0.2441791240484568,0.2444369462866628,0.24318613239764317
3.3120000000000003,0.24669513715239866,0.24695586822684504,0.24569809494299655
3.3200000000000003,0.24922495044377443,0.24948861148853213,0.24822392108023889
3.3280000000000003,0.25176847678547526,0.2520350889295264,0.2507635247872911
3.336,0.25432562680727583,0.25459521117240314,0.25331681780461607
3.344,0.2568963089109989,0.2571688866096688,0.2558837096400759
3.352,0.2594804292762814,0.25975602140951737,0.2584641075743898
3.36,0.2620778918669384,0.26235651952219,0.2610579166671926
3.368,0.26468859843793263,0.2649702826869357,0.26366503976369426
3.376,0.26731244854294395,0.2675972104395754,0.26628537750194287
3.384,0.2699493395425442,0.2702372001206724,0.26891882832069186
3.392,0.272599166612975,0.2728901468843033,0.27156528846787087
3.4,0.27526182275553096,0.27555594370743763,0.2742246520096607
3.408,0.27793719880654605,0.2782344813999199,0.2768968108401747
3.416,0.28062518344798415,0.2809256486150565,0.27958165469174284
3.424,0.28332566321863384,0.28362933186080685,0.28227907114580103
3.432,0.2860385225259048,0.286345415511578,0.2849889456443838
3.44,0.28876364365822693,0.28907378182062077,0.2877111615022199
3.448,0.2915009067980493,0.29181431093302784,0.2904455999194285
3.456,0.29425019003543945,0.2945668808993305,0.29319213999481747
3.464,0.29701136938227807,0.2973313676896945,0.2959506587397797
3.472,0.299784318787052,0.3001076452087113,0.2987210310927855
3.48,0.30256891015023774,0.302895585310783,0.30150312993447115
3.488,0.3053650133402791,0.30569505781610007,0.3042968261033206
3.496,0.30817249621015014,0.30850593052720643,0.30710198841193526
3.504,0.3109912246145062,0.3113280692461514,0.30991848366389424
3.512,0.31382106242741614,0.3141613377922252,0.3127461766711966
3.52,0.3166618715606738,0.3170055980202733,0.3155849302722853
3.528,0.31951351198268524,0.3198607098395864,0.3184346053506514
3.536,0.3223758417379287,0.32272653123336426,0.3212950608540088
3.544,0.3252487169669795,0.3256029182787463,0.3241661538140416
3.552,0.32813199192710196,0.32848972516740754,0.327047739366718
3.56,0.33102551901339766,0.3313868042267124,0.329939670773163
3.568,0.33392914878050856,0.3342940059414241,0.3328417994410914
3.576,0.33684272996487097,0.3372111789759648,0.33575397494679154
3.584,0.3397661095075112,0.3401381701972185,0.338676045057656
3.592,0.3426991325773801,0.3430748246978736,0.34160785575525504
3.6,0.345641642595223,0.3460209858203002,0.34454925125894464
3.608,0.3485934812579744,0.34897649518095347,0.347500074050008
3.616,0.3515544885636744,0.3519411926952997,0.35046016489631804
3.624,0.3545245028368995,0.3549149166032561,0.35342936287752186
3.632,0.357503360754702,0.35789750349514154,0.35640750541073396
3.64,0.3604908973730517,0.36088878833812665,0.3593944282767361
3.648,0.3634869461537696,0.3638886045031805,0.36238996564667664
3.656,0.3664913389919508,0.3668967837925052,0.3653939501092593
3.664,0.3695039062438676,0.3699131564674499,0.3684062126984173
3.672,0.37252447675534284,0.3729375512768979,0.37142658292146336
3.68,0.37555287789059055,0.3759697954861196,0.37445488878770933
3.688,0.37858893556151,0.379009714906081,0.37749095683754574
3.696,0.3816324742574314,0.3820571339232024,0.38053461217197543
3.704,0.3846833170752984,0.38511187552955733,0.3835856784825917
3.712,0.3877412857502849,0.38817376135350173,0.3866439780819911
3.72,0.39080620068683125,0.39124261169072977,0.3897093319346154
3.728,0.39387788099009785,0.3943182455357388,0.39278155968801165
3.736,0.39695614449782074,0.39740048061370453,0.39586047970450183
3.744,0.4000408078125625,0.4004891334127488,0.39894590909325284
3.7520000000000002,0.40313168633435065,0.4035840192165936,0.40203766374273686
3.7600000000000002,0.4062285942936902,0.40668495213759376,0.40513555835357445
3.7680000000000002,0.40933134478494465,0.40979174515013433,0.40823940647174806
3.7760000000000002,0.4124397498000711,0.4129042101243865,0.4113490205221787
3.7840000000000003,0.4155536202627036,0.4160221578604083,0.4144642118426528
3.7920000000000003,0.4186727660625717,0.4191453981225841,0.4175847907180921
3.8000000000000003,0.42179699609024424,0.42227373967438747,0.42071056641515375
3.8080000000000003,0.42492611827218835,0.4254069903134633,0.4238413472171514
3.8160000000000003,0.42805993960613375,0.42854495690700856,0.4269769404592869
3.8240000000000003,0.4311982661967291,0.4316874454274548,0.43011715256418037
3.8320000000000003,0.4343409032914815,0.4348342609884261,0.4332617890776899
3.84,0.4374876553169677,0.4379852078809746,0.4364106547050073
3.848,0.4406383259153046,0.4411400896100719,0.43956355334702013
3.856,0.44379271798087017,0.4442987089313548,0.4427202881369306
3.864,0.4469506336972598,0.4474608678881031,0.44588066147711536
3.872,0.4501118745744704,0.4506263678484496,0.44904447507621875
3.88,0.4532762414862977,0.4537950095427988,0.45221152998646685
3.888,0.456443534707936,0.45696659310145415,0.4553816266411895
3.896,0.45961355395377007,0.46014091809243257,0.45855456489253854
3.904,0.4627860984153428,0.4633177835594589,0.46173014404939305
3.912,0.4659609667994934,0.46649698806012746,0.4649081629154366
3.92,0.4691379573666468,0.46967832970422024,0.46808841982739546
3.928,0.47231686796924843,0.47286160619216594,0.4712707126934257
3.936,0.4754974960903277,0.47604661485362904,0.47445483903163754
3.944,0.4786796388821796,0.4792331526862217,0.4776405960087445
3.952,0.48186309320515286,0.4824210163943155,0.4808277804788232
3.96,0.48504765566653124,0.48561000242795227,0.48401618902217536
3.968,0.48823312265949587,0.488799907021833,0.4872056179842749
3.976,0.4914192904021556,0.4919905262343774,0.4903958635147933
3.984,0.49460595497663434,0.4951816559868374,0.4935867216066827
3.992,0.497792912368202,0.4983730921024593,0.4967779881353154
4,0.5009799585044346,0.5015646303456709,0.49996945889765404
4.008,0.5041668892943969,0.5047560664612922,0.5031609296514548
4.016,0.507353500667826,0.5079471962137527,0.5063521961544734
4.024,0.5105395886143139,0.5111378154262971,0.5095430542036818
4.032,0.513724949222466,0.5143277200201782,0.5127332996744638
4.04,0.5169093787190318,0.5175167060538147,0.5159227285597894
4.048,0.5200926735079887,0.5207045697619087,0.5191111370093511
4.056,0.523274630209572,0.5238911075945012,0.5222983213686513
4.064,0.5264550456992327,0.5270761162559644,0.5254840782180231
4.072,0.5296337171465175,0.5302593927439098,0.5286682044115799
4.08,0.5328104420538516,0.5334407343880027,0.5318504971160778
4.088,0.5359850182952169,0.5366199388886712,0.5350307538496725
4.096,0.5391572441547116,0.5397968043556974,0.5382087725205725
4.104,0.5423269183649784,0.542971129346676,0.5413843514655602
4.112,0.5454938401454906,0.5461427129053315,0.5445572894883796
4.12,0.5486578092406817,0.5493113545996808,0.5477273858979763
4.128,0.5518186259579099,0.5524768545600268,0.5508944405465729
4.136,0.554976091205241,0.5556390135167754,0.5540582538675742
4.144,0.5581300065290408,0.5587976328380581,0.5572186269132859
4.152,0.5612801741513671,0.5619525145671556,0.5603753613924378
4.16,0.5644263970071426,0.5651034614597038,0.5635282597074952
4.168,0.5675684787811057,0.5682502770206754,0.5666771249917544
4.176,0.5707062239445206,0.5713927655411215,0.5698217611462016
4.184,0.5738394377916387,0.574530732134667,0.5729619728761314
4.192,0.5769679264759014,0.5776639827737424,0.5760975657275086
4.2,0.5800914970458672,0.580792324325546,0.5792283461230656
4.208,0.5832099574808596,0.5839155645877216,0.5823541213981199
4.216,0.5863231167263195,0.5870335123237437,0.5854746998361062
4.224,0.5894307847288522,0.5901459772979954,0.5885898907038062
4.232,0.5925327724709606,0.593252770310536,0.5916995042862703
4.24,0.5956288920054509,0.5963537032315361,0.5948033519214179
4.248,0.598718956489503,0.5994485890353807,0.5979012460343069
4.256,0.6018027802183942,0.602537241834425,0.6009930001710617
4.264,0.6048801786588641,0.605619476912391,0.6040784290324483
4.272,0.6079509684821169,0.6086951107574002,0.6071573485070871
4.28,0.6110149675964426,0.611763961094628,0.6102295757042986
4.288,0.6140719951794548,0.6148258469185721,0.6132949289865616
4.296,0.6171218717099329,0.6178805885249272,0.616353228001583
4.304,0.6201644189992563,0.6209280075420487,0.6194042937139694
4.312,0.6231994602224307,0.62396792696201,0.6224479484364863
4.32,0.6262268199486836,0.6270001711712316,0.625484015860897
4.328,0.6292463241716351,0.6300245659806799,0.6285123210883794
4.336,0.6322578003390229,0.6330409386556246,0.631532690659503
4.344,0.6352610773819842,0.6360491179449491,0.6345449525837608
4.352,0.6382559857438738,0.6390489341100031,0.6375489363686511
4.36,0.6412423574086245,0.6420402189529886,0.6405444730482945
4.368,0.6442200259286299,0.6450228058448736,0.6435313952115861
4.376,0.6471888264521497,0.6479965297528304,0.6465095370298687
4.384,0.6501485957502244,0.6509612272671763,0.649478734284122
4.392,0.6530991722431001,0.6539167366278298,0.6524388243916599
4.4,0.6560403960261469,0.6568628977502565,0.6553896464323321
4.408,0.658972108895271,0.6597995522509116,0.6583310411742183
4.416,0.6618941543718116,0.662726543472165,0.6612628510988092
4.424,0.6648063777269174,0.6656437165067061,0.6641849204256717
4.432,0.6677086260053926,0.6685509182214178,0.6670970951365893
4.44,0.6706007480490143,0.6714479972807224,0.6699992229991714
4.448,0.6734825945193071,0.6743348041693839,0.672891153589924
4.456,0.6763540179197753,0.6772111912147659,0.675772738316781
4.464,0.6792148726175856,0.6800770126085439,0.6786438304410911
4.472,0.6820650148646942,0.6829321244278564,0.6815042850990474
4.48,0.6849043028184155,0.6857763846559045,0.684353959322559
4.488,0.6877325965614285,0.6886096532019789,0.6871927120595693
4.496,0.6905497581212117,0.6914317919209235,0.690020404193799
4.5040000000000004,0.6933556514889104,0.6942426646320299,0.6928368985639232
4.5120000000000005,0.6961501426376248,0.6970421371373466,0.6956420599821745
4.5200000000000005,0.6989330995401196,0.6998300772394186,0.6984357552523676
4.5280000000000005,0.7017043921859526,0.7026063547584357,0.7012178531873388
4.5360000000000005,0.7044638925980162,0.7053708415487996,0.7039882246258112
4.5440000000000005,0.7072114748484895,0.708123411515102,0.7067467424486603
4.5520000000000005,0.7099470150742008,0.710863940627509,0.7094932815945958
4.5600000000000005,0.7126703914913955,0.7135923069365518,0.7122277190752523
4.5680000000000005,0.7153814844099102,0.716308390587323,0.7149499339896805
4.5760000000000005,0.7180801762467448,0.7190120738330736,0.7176598075382424
4.5840000000000005,0.7207663515390416,0.7217032410482104,0.7203572230359105
4.5920000000000005,0.7234398969564568,0.7243817787406925,0.7230420659249657
4.6000000000000005,0.7261007013129365,0.7270475755638268,0.7257142237870872
4.6080000000000005,0.7287486555778853,0.7297005223274583,0.7283735863548526
4.616,0.7313836528867336,0.7323405120085545,0.7310200455226209
4.624,0.7340055885508994,0.7349674397611945,0.73365349535682
4.632,0.7366143600671484,0.73758120292594,0.7362738321056267
4.64,0.7392098671263462,0.7401817010386124,0.7388809542080417
4.648,0.7417920116216097,0.7427688358384613,0.7414747623023613
4.656,0.7443606976558511,0.7453425112757269,0.7440551592340416
4.664,0.7469158315487245,0.7479026335186036,0.7466220500629654
4.672,0.7494573218429648,0.7504491109595984,0.749175342070099
4.68,0.7519850793101278,0.7529818542212848,0.7517149447635519
4.688,0.7544990169557332,0.7555007761614676,0.7542407698840329
4.696,0.7569990500238047,0.7580057918777323,0.7567527314097106
4.704,0.7594850960008173,0.7604968187114146,0.7592507455604701
4.712,0.7619570746190505,0.7629737762509654,0.7617347308015816
4.72,0.7644149078593473,0.7654365863347239,0.7642046078467701
4.728,0.7668585199532847,0.7678851730531068,0.7666602996606963
4.736,0.7692878373847599,0.7703194627502021,0.7691017314608478
4.744,0.7717027888909869,0.7727393840247847,0.7715288307188451
4.752,0.7741033054629168,0.7751448677307466,0.7739415271611623
4.76,0.77648932034508,0.777535846976955,0.7763397527692755
4.768,0.7788607690348512,0.7799122571265232,0.7787234417792229
4.776,0.7812175892811475,0.7822740357955269,0.7810925306806027
4.784,0.7835597210825569,0.7846211228511409,0.7834469582149977
4.792,0.7858871066849068,0.7869534604092193,0.7857866653738332
4.8,0.7881996905782724,0.7892709928313113,0.7881115953956783
4.808,0.7904974194934317,0.7915736667211292,0.7904216937629858
4.816,0.7927802423977707,0.7938614309204645,0.792716908198284
4.824,0.7950481104906468,0.7961342365045526,0.7949971886598212
4.832,0.797300977198208,0.7983920367769111,0.797262487336663
4.84,0.7995387981676836,0.8006347872636279,0.7995127586432583
4.848,0.8017615312611398,0.802862445707133,0.8017479592134703
4.856,0.8039691365487176,0.8050749720594376,0.8039680478940782
4.864,0.8061615763013491,0.8072723284748591,0.8061729857377666
4.872,0.8083388149829627,0.8094544793022341,0.8083627359955896
4.88,0.8105008192421833,0.8116213910766208,0.8105372641089287
4.888,0.8126475579035316,0.8137730325105061,0.8126965377009522
4.896,0.8147790019581308,0.8159093744845161,0.8148405265675714
4.904,0.8168951245539241,0.8180303900376383,0.8169692026679071
4.912,0.8189959009854159,0.8201360543569653,0.8190825401142761
4.92,0.8210813086829329,0.8222263447669619,0.8211805151616913
4.928,0.8231513272014237,0.8243012407182657,0.8232631061969045
4.936,0.8252059382087953,0.8263607237760257,0.8253302937269672
4.944,0.8272451254737989,0.8284047776077917,0.827382060367354
4.952,0.8292688748534663,0.8304333879709525,0.8294183908296198
4.96,0.8312771742801124,0.8324465426997374,0.831439271908624
4.968,0.8332700137479022,0.8344442316917863,0.8334446924693157
4.976,0.8352473852989991,0.8364264468942976,0.8354346434330939
4.984,0.8372092830092923,0.8383931822897539,0.8374091177637453
4.992,0.8391557029737209,0.8403444338812481,0.8393681104529683
5,0.8410866432911935,0.8422801996774009,0.8413116185054991
5.008,0.8430021040491201,0.8442004796768915,0.843239640923833
5.016,0.8449020873075561,0.8461052758525993,0.8451521786925638
5.024,0.8467865970829715,0.8479945921353712,0.8470492347623354
5.032,0.8486556393316527,0.8498684343974208,0.848930814033432
5.04,0.8505092219327427,0.8517268104353681,0.8507969233389916
5.048,0.8523473546709348,0.8535697299529234,0.8526475714278721
5.056,0.8541700492188172,0.8553972045432356,0.8544827689471662
5.064,0.8559773191188863,0.8572092476708966,0.8563025284243811
5.072,0.8577691797652356,0.859005874653628,0.8581068642492804
5.08,0.8595456483849239,0.8607871026436423,0.859895792655413
5.088,0.8613067440190382,0.8625529506087007,0.8616693317013225
5.096,0.8630524875034518,0.8643034393128701,0.8634275012514514
5.104,0.8647829014492983,0.8660385912969841,0.8651703229567561
5.112,0.8664980102231558,0.8677584308588252,0.8668978202350256
5.12,0.8681978399269606,0.8694629840330309,0.8686100182509282
5.128,0.8698824183776573,0.8711522785707357,0.8703069438957858
5.136,0.8715517750865903,0.8728263439189592,0.8719886257670874
5.144,0.8732059412386478,0.8744852111997332,0.8736550941477513
5.152,0.8748449496711704,0.8761289131890143,0.8753063809851443
5.16,0.8764688348526257,0.87775748429534,0.8769425198698635
5.168,0.8780776328610667,0.879370960538285,0.8785635460143001
5.176,0.8796713813623759,0.880969379526691,0.880169496230974
5.184,0.8812501195883058,0.8825527804367035,0.881760408910677
5.192,0.8828138883143276,0.8841212039896041,0.883336324000401
5.2,0.8843627298372934,0.8856746924294702,0.884897282981088
5.208,0.885896687952922,0.8872132895006434,0.8864433288451972
5.216,0.8874158079331176,0.8887370404250444,0.8879745060740902
5.224,0.8889201365031302,0.8902459918793184,0.889490860615269
5.232,0.8904097218185659,0.8917401919718325,0.8909924398594445
5.24,0.8918846134422551,0.8932196902195392,0.8924792926174683
5.248,0.8933448623209903,0.8946845375246965,0.8939514690971254
5.256,0.8947905207621385,0.8961347861514712,0.8954090208797972
5.264,0.8962216424101404,0.897570489702427,0.8968520008970062
5.272,0.897638282222901,0.8989917030948982,0.8982804634068484
5.28,0.8990404964480841,0.9003984825372793,0.8996944639703288
5.288,0.9004283425993183,0.9017908855052107,0.9010940594275918
5.296,0.9018018794323203,0.9031689707176933,0.9024793078740793
5.304,0.9031611669209461,0.9045327981131243,0.9038502686366068
5.312,0.90450626623318,0.9058824288252758,0.9052070022493657
5.32,0.9058372397070656,0.9072179251592087,0.9065495704298735
5.328,0.9071541508265929,0.9085393505671507,0.9078780360548695
5.336,0.9084570641975404,0.9098467696243155,0.9091924631361699
5.344,0.909746045523293,0.9111402480047188,0.9104929167964744
5.352,0.9110211615806303,0.9124198524569439,0.9117794632451662
5.36,0.912282480195505,0.9136856507799076,0.9130521697540775
5.368,0.9135300702188106,0.9149377117986118,0.9143111046332484
5.376,0.9147640015021509,0.9161761053399045,0.9155563372066813
5.384,0.9159843448736169,0.9174009022082341,0.9167879377881005
5.392,0.9171911721135816,0.9186121741614337,0.9180059776567238
5.4,0.9183845559305154,0.9198099938865203,0.919210529033054
5.408,0.9195645699368334,0.9209944349755255,0.9204016650546939
5.416,0.9207312886247825,0.9221655719013698,0.9215794597522011
5.424,0.92188478734237,0.9233234799937751,0.9227439880249761
5.432,0.9230251422693496,0.9244682354152323,0.9238953256172114
5.44,0.9241524303932617,0.9255999151370313,0.925033549093886
5.448,0.9252667294855459,0.9267185969153509,0.926158735816827
5.456,0.9263681180777211,0.9278243592674321,0.9272709639208384
5.464,0.9274566754376511,0.9289172814478162,0.9283703122899161
5.472,0.9285324815458915,0.929997443424687,0.9294568605335285
5.48,0.929595617072135,0.9310649258562955,0.9305306889630076
5.488,0.9306461633517537,0.932119810067482,0.9315918785680175
5.496,0.9316842023624453,0.933162178026315,0.9326405109931395
5.5040000000000004,0.9327098167009974,0.9341921123208313,0.9336766685145623
5.5120000000000005,0.933723089560164,0.9352096961359013,0.9347004340168831
5.5200000000000005,0.9347241047056689,0.9362150132302134,0.9357118909700318
5.5280000000000005,0.9357129464533384,0.9372081479133954,0.9367111234063272
5.5360000000000005,0.9366896996463705,0.9381891850232592,0.9376982158976594
5.5440000000000005,0.9376544496327456,0.939158209903203,0.9386732535328155
5.5520000000000005,0.9386072822427808,0.9401153083797449,0.939636321894943
5.5600000000000005,0.9395482837668406,0.9410605667402221,0.9405875070391723
5.5680000000000005,0.9404775409332022,0.9419940717106328,0.941526895470384
5.5760000000000005,0.9413951408860838,0.9429159104336561,0.9424545741211435
5.5840000000000005,0.9423011711638405,0.9438261704468279,0.9433706303297927
5.5920000000000005,0.9431957196773318,0.9447249396608898,0.9442751518187236
5.6000000000000005,0.9440788746884675,0.9456123063383254,0.945168226672811
5.6080000000000005,0.9449507247889327,0.9464883590720646,0.9460499433180377
5.6160000000000005,0.945811358879102,0.9473531867643826,0.946920390500297
5.6240000000000006,0.946660866147139,0.948206878605988,0.9477796572643843
5.632,0.9474993360482983,0.9490495240552981,0.9486278329331831
5.64,0.9483268582844171,0.9498812128179286,0.949465007087043
5.648,0.9491435227836155,0.9507020348263672,0.9502912695433658
5.656,0.9499494196802007,0.9515120802198703,0.9511067103363885
5.664,0.9507446392947834,0.9523114393245554,0.9519114196971769
5.672,0.9515292721146031,0.9531002026337209,0.9527054880338379
5.68,0.952303408774078,0.9538784607883731,0.9534890059119353
5.688,0.9530671400355677,0.9546463045579754,0.9542620640351344
5.696,0.9538205567703641,0.9554038248214275,0.9550247532260644
5.704,0.9545637499399074,0.9561511125482626,0.9557771644074063
5.712,0.9552968105772335,0.9568882587800802,0.9565193885832068
5.72,0.9560198297686493,0.9576153546122103,0.9572515168204321
5.728,0.9567328986356486,0.9583324911756111,0.9579736402307419
5.736,0.9574361083170616,0.9590397596190041,0.9586858499525137
5.744,0.9581295499514474,0.9597372510912555,0.9593882371330942
5.752,0.9588133146597246,0.9604250567239885,0.9600808929113019
5.76,0.9594874935280521,0.9611032676144531,0.9607639084001648
5.768,0.9601521775909508,0.9617719748086319,0.9614373746699113
5.776,0.9608074578146784,0.9624312692846033,0.9621013827312007
5.784,0.9614534250808512,0.963081241936148,0.9627560235186116
5.792,0.9620901701703196,0.9637219835566099,0.9634013878743775
5.8,0.962717783747297,0.9643535848230171,0.9640375665323717
5.808,0.9633363563437425,0.9649761362804454,0.964664650102355
5.816,0.9639459783440025,0.9655897283266487,0.9652827290544704
5.824,0.9645467399697056,0.966194451196943,0.9658918937040007
5.832,0.9651387312649217,0.9667903949493509,0.966492234196386
5.84,0.9657220420815739,0.967377649450004,0.9670838404924903
5.848,0.9662967620651189,0.9679563043588073,0.9676668023541443
5.856,0.9668629806404819,0.9685264491153628,0.9682412093299284
5.864,0.9674207869982558,0.9690881729251619,0.9688071507412398
5.872,0.9679702700811638,0.969641564746028,0.9693647156686092
5.88,0.9685115185707839,0.970186713274836,0.9699139929382757
5.888,0.9690446208745367,0.9707237069344864,0.9704550711090392
5.896,0.9695696651129361,0.971252633861147,0.9709880384593663
5.904,0.9700867391071041,0.9717735818917513,0.9715129829747625
5.912,0.9705959303665492,0.9722866385517726,0.9720299923354065
5.92,0.9710973260772092,0.9727918910432538,0.972539153904051
5.928,0.9715910130897542,0.9732894262331003,0.9730405547141865
5.936,0.9720770779081552,0.9737793306416394,0.9735342814584642
5.944,0.9725556066785154,0.9742616904314362,0.9740204204773911
5.952,0.9730266851781622,0.9747365913963885,0.9744990577482752
5.96,0.973490398805001,0.9752041189510554,0.9749702788744448
5.968,0.9739468325671311,0.9756643581202781,0.97543416907472
5.976,0.9743960710727203,0.9761173935290364,0.9758908131731515
5.984,0.97483819852014,0.9765633093925787,0.9763402955890139
5.992,0.9752732986883578,0.9770021895068056,0.9767827003270662
6,0.9757014549275873,0.9774341172389106,0.9772181109680546
6.008,0.9761227501501961,0.9778591755182832,0.9776466106594945
6.016,0.9765372668218663,0.9782774468276555,0.9780682821066895
6.024,0.9769450869530106,0.9786890131945175,0.9784832075640154
6.032,0.977346292090441,0.979093956182773,0.9788914688264497
6.04,0.9777409633092868,0.979492356884654,0.9792931472213643
6.048,0.978129181205166,0.9798842959128811,0.9796883236005626
6.056,0.9785110258865998,0.9802698533930781,0.980077078332557
6.064,0.9788865769676791,0.9806491089564234,0.9804594912951118
6.072,0.9792559135609713,0.9810221417325585,0.9808356418680196
6.08,0.979619114270672,0.9813890303427271,0.9812056089261271
6.088,0.9799762571859995,0.9817498528931674,0.9815694708325953
6.096,0.9803274198748274,0.9821046869687395,0.9819273054324152
6.104,0.9806726793775518,0.9824536096267836,0.9822791900461468
6.112,0.9810121122012004,0.9827966973912299,0.9826252014639044
6.12,0.9813457943137704,0.9831340262469244,0.982965415939572
6.128,0.981673801138797,0.9834656716341981,0.9832999091852569
6.136,0.9819962075501557,0.9837917084436613,0.9836287563659647
6.144,0.9823130878670876,0.9841122110112269,0.9839520320945102
6.152,0.9826245158494505,0.9844272531133603,0.9842698104266535
6.16,0.9829305646931941,0.9847369079625391,0.9845821648564552
6.168,0.9832313070260517,0.9850412482029569,0.9848891683118599
6.176,0.9835268149034541,0.9853403459064239,0.9851908931504929
6.184,0.9838171598046556,0.9856342725684862,0.9854874111556757
6.192,0.9841024126290727,0.9859230991047762,0.9857787935326575
6.2,0.9843826436928356,0.9862068958475464,0.9860651109050564
6.208,0.9846579227255458,0.9864857325424311,0.986346433311511
6.216,0.9849283188672378,0.9867596783454039,0.986622830202536
6.224,0.9851939006655456,0.9870288018199476,0.9868943704375848
6.232,0.9854547360730679,0.9872931709344056,0.9871611222823158
6.24,0.9857108924449294,0.9875528530595553,0.9874231534060474
6.248,0.9859624365365409,0.9878079149663548,0.987680530879423
6.256,0.986209434501544,0.9880584228238946,0.9879333211722592
6.264,0.986451951889952,0.9883044421975327,0.9881815901515836
6.272,0.9866900536464731,0.9885460380472184,0.988425403079875
6.28,0.9869238041090179,0.9887832747259961,0.9886648246134652
6.288,0.9871532670073869,0.9890162159787005,0.9888999188011455
6.296,0.9873785054621369,0.9892449249408115,0.9891307490829393
6.304,0.9875995819836229,0.9894694641375056,0.989357378289056
6.312,0.987816558471209,0.9896898954828574,0.9895798686390154
6.32,0.9880294962126519,0.989906280279233,0.9897982817409471
6.328,0.9882384558836493,0.9901186792168298,0.9900126785910521
6.336,0.9884434975475501,0.9903271523733934,0.9902231195732439
6.344,0.9886446806552285,0.9905317592140924,0.9904296644589254
6.352,0.988842064045113,0.9907325585915414,0.9906323724069483
6.36,0.9890357059433698,0.9909296087459926,0.9908313019637247
6.368,0.9892256639642414,0.9911229673056711,0.9910265110634794
6.376,0.9894119951105276,0.9913126912872612,0.9912180570286655
6.384,0.9895947557742197,0.9914988370965399,0.991405996570528
6.392,0.9897740017372721,0.991681460529146,0.9915903857897977
6.4,0.9899497881725154,0.9918606167715054,0.9917712801775446
6.408,0.9901221696447091,0.992036360401873,0.9919487346161516
6.416,0.990291200111723,0.9922087453915248,0.9921228033804469
6.424,0.9904569329258551,0.9923778251060777,0.9922935401389444
6.432,0.9906194208352751,0.992543652306929,0.9924609979552301
6.44,0.9907787159855924,0.9927062791528345,0.9926252292894739
6.448,0.9909348699215496,0.9928657572015999,0.9927862860000544
6.456,0.991087933588832,0.9930221374118938,0.9929442193453212
6.464,0.9912379573359967,0.9931754701451799,0.993099079985461
6.472,0.9913849909165129,0.9933258051677616,0.9932509179844861
6.48,0.9915290834909157,0.993473191652937,0.9933997828123384
6.488,0.9916702836290658,0.993617678183261,0.993545723347092
6.496,0.991808639312515,0.9937593127529184,0.9936887878772763
6.5040000000000004,0.991944197936975,0.9938981427701895,0.9938290241042886
6.5120000000000005,0.992077006314885,0.9940342150600301,0.9939664791449212
6.5200000000000005,0.9922071106780763,0.994167575866729,0.994101199533981
6.5280000000000005,0.9923345566805307,0.9942982708566787,0.9942332312270006
6.5360000000000005,0.9924593894012309,0.9944263451212276,0.9943626196030461
6.5440000000000005,0.9925816533470986,0.9945518431796171,0.9944894094676209
6.5520000000000005,0.9927013924560197,0.9946748089820188,0.9946136450556461
6.5600000000000005,0.9928186500999506,0.994795285912638,0.9947353700345295
6.5680000000000005,0.9929334690881084,0.9949133167929107,0.9948546275073207
6.5760000000000005,0.9930458916702355,0.9950289438847738,0.9949714600159402
6.5840000000000005,0.9931559595399408,0.9951422088940083,0.9950859095444893
6.5920000000000005,0.9932637138381158,0.9952531529736612,0.9951980175226282
6.6000000000000005,0.993369195156417,0.9953618167275311,0.9953078248290351
6.6080000000000005,0.9934724435408182,0.9954682402137254,0.9954153717949203
6.6160000000000005,0.9935734984952277,0.995572462948283,0.9955206982076239
6.6240000000000006,0.9936723989851687,0.9956745239088579,0.9956238433142622
6.632000000000001,0.9937691834415171,0.995774461538463,0.995724845825447
6.640000000000001,0.9938638897643012,0.9958723137492732,0.9958237439190495
6.648000000000001,0.9939565553265519,0.9959681179264818,0.9959205752440439
6.656000000000001,0.994047216978212,0.9960619109322124,0.9960153769243764
6.664,0.9941359110500894,0.9961537291094781,0.9961081855629123
6.672,0.994222673357863,0.9962436082861938,0.9961990372454146
6.68,0.9943075392061331,0.9963315837792291,0.9962879675445799
6.688,0.9943905433925168,0.9964176903985091,0.9963750115241142
6.696,0.9944717202117828,0.9965019624511564,0.9964602037428512
6.704,0.9945511034600273,0.9965844337456651,0.9965435782589153
6.712,0.994628726438886,0.9966651375961303,0.996625168633921
6.72,0.9947046219597832,0.9967441068264885,0.9967050079372051
6.728,0.9947788223482104,0.9968213737748094,0.9967831287500952
6.736,0.9948513594480388,0.9968969702976122,0.9968595631702145
6.744,0.9949222646258612,0.9969709277742089,0.996934342815809
6.752,0.9949915687753556,0.9970432771110803,0.9970074988301088
6.76,0.9950593023216808,0.9971140487462659,0.9970790618857102
6.768,0.9951254952258911,0.9971832726537929,0.9971490621889834
6.776,0.9951901769893703,0.9972509783481127,0.9972175294845107
6.784,0.99525337665829,0.9973171948885621,0.9972844930595248
6.792,0.9953151228280819,0.9973819508838396,0.9973499817483888
6.8,0.9953754436479245,0.9974452744965039,0.9974140239370782
6.808,0.9954343668252484,0.9975071934474742,0.9974766475676787
6.816,0.9954919196302492,0.9975677350205581,0.9975378801429011
6.824,0.9955481289004126,0.9976269260669729,0.9975977487306089
6.832,0.9956030210450479,0.9976847930098904,0.9976562799683467
6.84,0.9956566220498311,0.997741361848978,0.9977135000678873
6.848,0.995708957481347,0.9977966581649552,0.9977694348197756
6.856,0.995760052491645,0.9978507071241446,0.9978241095978881
6.864,0.9958099318227869,0.9979035334830303,0.9978775493639807
6.872,0.9958586198114046,0.9979551615928152,0.9979297786722501
6.88,0.9959061403932508,0.9980056154039856,0.9979808216738975
6.888,0.9959525171077527,0.9980549184708581,0.9980307021216793
6.896,0.995997773102558,0.9981030939561343,0.9980794433744612
6.904,0.9960419311380796,0.9981501646354553,0.9981270684017681
6.912,0.9960850135920334,0.9981961529019372,0.9981735997883329
6.92,0.9961270424639661,0.9982410807707045,0.9982190597386321
6.928,0.9961680393797797,0.9982849698834227,0.9982634700814158
6.936,0.9962080255962418,0.9983278415128074,0.9983068522742272
6.944,0.9962470220054855,0.9983697165671327,0.9983492274079147
6.952,0.9962850491395006,0.9984106155947226,0.9983906162111305
6.96,0.996322127174605,0.9984505587884315,0.9984310390548161
6.968,0.9963582759359105,0.9984895659901086,0.9984705159566759
6.976,0.9963935149017636,0.9985276566950448,0.9985090665856273
6.984,0.9964278632081777,0.9985648500564109,0.9985467102662546
6.992,0.9964613396532424,0.9986011648896681,0.9985834659832176
7,0.9964939627015178,0.9986366196769637,0.9986193523856711
7.008,0.9965257504884066,0.9986712325715122,0.9986543877916395
7.016,0.9965567208245092,0.9987050214019498,0.9986885901923945
7.024,0.9965868911999526,0.9987380036766701,0.9987219772567935
7.032,0.9966162787887034,0.9987701965881337,0.9987545663356056
7.04,0.9966449004528515,0.9988016170171655,0.9987863744658116
7.048,0.9966727727468748,0.998832281537213,0.998817418374888
7.056,0.9966999119218779,0.99886220641859,0.9988477144850525
7.064,0.9967263339298034,0.9988914076326976,0.998877278917496
7.072,0.996752054427621,0.9989199008562093,0.9989061274965904
7.08,0.9967770887814865,0.9989477014752332,0.9989342757540547
7.088,0.9968014520708756,0.9989748245894486,0.998961738933115
7.096,0.9968251590926891,0.9990012850162192,0.9989885319926204
7.104,0.9968482243653289,0.9990270972946645,0.9990146696111352
7.112,0.9968706621327452,0.999052275689714,0.9990401661910077
7.12,0.9968924863684545,0.9990768341961231,0.9990650358624021
7.128,0.9969137107795256,0.9991007865424654,0.9990892924873016
7.136,0.9969343488105384,0.9991241461950932,0.999112949663487
7.144,0.9969544136475049,0.9991469263620588,0.9991360207284707
7.152,0.9969739182217672,0.9991691399970123,0.9991585187634194
7.16,0.9969928752138555,0.9991907998030674,0.9991804565970234
7.168,0.9970112970573166,0.9992119182366255,0.9992018468093462
7.176,0.9970291959425109,0.9992325075111783,0.999222701735641
7.184,0.997046583820373,0.9992525796010686,0.9992430334701268
7.192,0.9970634724061417,0.9992721462452203,0.999262853869734
7.2,0.9970798731830509,0.9992912189508316,0.9992821745578232
7.208,0.9970957974059941,0.999309808997041,0.9993010069278561
7.216,0.9971112561051454,0.9993279274385501,0.999319362147045
7.224,0.9971262600895523,0.9993455851092136,0.9993372511599568
7.232,0.9971408199506892,0.999362792625598,0.9993546846920892
7.24,0.9971549460659787,0.9993795603905008,0.9993716732534085
7.248,0.9971686486022736,0.9993958985964353,0.9993882271418502
7.256,0.9971819375193073,0.9994118172290779,0.9994043564467878
7.264,0.9971948225731045,0.9994273260706831,0.999420071052463
7.272,0.9972073133193577,0.9994424347034587,0.9994353806413784
7.28,0.9972194191167677,0.9994571525129046,0.9994502946976613
7.288,0.9972311491303463,0.999471488691121,0.9994648225103763
7.296,0.997242512334684,0.9994854522400661,0.9994789731768164
7.304,0.9972535175171798,0.999499051974797,0.9994927556057539
7.312,0.997264173281236,0.9995122965266547,0.9995061785206455
7.32,0.9972744880494141,0.9995251943464313,0.999519250462814
7.328,0.9972844700665566,0.9995377537074748,0.9995319797945816
7.336,0.9972941274028694,0.9995499827087866,0.9995443747023746
7.344,0.9973034679569696,0.9995618892780594,0.9995564431997869
7.352,0.9973124994588951,0.999573481174688,0.9995681931306062
7.36,0.9973212294730789,0.9995847659927437,0.9995796321718097
7.368,0.997329665401285,0.9995957511639084,0.9995907678365149
7.376,0.997337814485509,0.9996064439603773,0.9996016074768914
7.384,0.9973456838108417,0.9996168514977132,0.9996121582870532
7.392,0.9973532803082957,0.9996269807376776,0.9996224273058949
7.4,0.9973606107575962,0.9996368384910276,0.999632421419903
7.408,0.9973676817899355,0.999646431420246,0.9996421473659207
7.416,0.9973744998906909,0.9996557660422833,0.9996516117338878
7.424,0.9973810714021064,0.9996648487312229,0.9996608209695399
7.432,0.9973874025259384,0.9996736857209272,0.9996697813770671
7.44,0.997393499326067,0.9996822831076482,0.9996784991217387
7.448,0.9973993677310683,0.9996906468525979,0.9996869802324988
7.456,0.9974050135367549,0.9996987827844906,0.9996952306045189
7.464,0.9974104424086793,0.9997066966020303,0.9997032560017121
7.472,0.9974156598846005,0.9997143938763965,0.9997110620592216
7.48,0.9974206713769188,0.9997218800536513,0.9997186542858668
7.488,0.9974254821750742,0.9997291604571568,0.9997260380665635
7.496,0.9974300974479091,0.9997362402899287,0.9997332186646878
7.5040000000000004,0.9974345222459977,0.9997431246369533,0.9997402012244355
7.5120000000000005,0.9974387615039418,0.9997498184674954,0.9997469907731188
7.5200000000000005,0.997442820042632,0.9997563266373434,0.9997535922234517
7.5280000000000005,0.9974467025714746,0.9997626538910435,0.9997600103757852
7.5360000000000005,0.9974504136905842,0.9997688048640856,0.9997662499203178
7.5440000000000005,0.9974539578929469,0.9997747840850588,0.9997723154392663
7.5520000000000005,0.997457339566546,0.9997805959777811,0.9997782114090086
7.5600000000000005,0.9974605629964567,0.9997862448633847,0.9997839422021949
7.5680000000000005,0.9974636323669086,0.9997917349623804,0.9997895120898164
7.5760000000000005,0.9974665517633162,0.9997970703966831,0.9997949252432521
7.5840000000000005,0.997469325174276,0.9998022551915976,0.9998001857362775
7.5920000000000005,0.9974719564935324,0.9998072932777959,0.9998052975470472
7.6000000000000005,0.9974744495219139,0.999812188493237,0.9998102645600315
7.6080000000000005,0.9974768079692348,0.9998169445850691,0.9998150905679452
7.6160000000000005,0.9974790354561689,0.9998215652115018,0.9998197792736206
7.6240000000000006,0.9974811355160929,0.9998260539436437,0.9998243342918666
7.632000000000001,0.997483111596894,0.9998304142672976,0.9998287591512947
7.640000000000001,0.9974849670627571,0.9998346495847623,0.9998330572961015
7.648000000000001,0.997486705195913,0.9998387632165605,0.9998372320878424
7.656000000000001,0.9974883291983614,0.9998427584031634,0.999841286807158
7.664000000000001,0.9974898421935664,0.9998466383066837,0.9998452246554816
7.672000000000001,0.997491247228119,0.9998504060125304,0.9998490487567113
7.68,0.9974925472733748,0.9998540645310426,0.9998527621588575
7.688,0.9974937452270616,0.9998576167990941,0.9998563678356623
7.696,0.9974948439148589,0.9998610656816712,0.9998598686881839
7.704,0.9974958460919511,0.9998644139734103,0.9998632675463643
7.712,0.9974967544445529,0.9998676644001352,0.9998665671705635
7.72,0.997497571591407,0.9998708196203352,0.9998697702530593
7.728,0.9974983000852564,0.9998738822266411,0.9998728794195374
7.736,0.9974989424142904,0.9998768547472644,0.9998758972305398
7.744,0.9974995010035619,0.9998797396474095,0.9998788261828899
7.752,0.9974999782163838,0.9998825393306632,0.9998816687111044
7.76,0.9975003763556958,0.9998852561403647,0.9998844271887574
7.768,0.9975006976654073,0.9998878923609288,0.9998871039298382
7.776,0.9975009443317179,0.9998904502191809,0.9998897011900817
7.784,0.99750111848441,0.9998929318856226,0.9998922211682549
7.792,0.9975012221981202,0.9998953394757206,0.9998946660074519
7.8,0.9975012574935842,0.9998976750511254,0.9998970377963335
7.808,0.9975012263388607,0.9998999406209095,0.999899338570366
7.816,0.9975011306505307,0.9999021381427458,0.9999015703130202
7.824,0.997500972294876,0.99990426952409,0.9999037349569632
7.832,0.9975007530890307,0.9999063366233213,0.9999058343852062
7.84,0.9975004748021168,0.9999083412508817,0.9999078704322574
7.848,0.9975001391563514,0.9999102851703657,0.9999098448852266
7.856,0.9974997478281384,0.9999121700996155,0.999911759484927
7.864,0.9974993024491342,0.999913997711781,0.9999136159269438
7.872,0.9974988046072949,0.9999157696363583,0.9999154158626861
7.88,0.9974982558479023,0.9999174874602103,0.9999171609004208
7.888,0.9974976576745691,0.9999191527285716,0.9999188526062818
7.896,0.9974970115502255,0.9999207669460203,0.99992049250526
7.904,0.9974963188980839,0.999922331577448,0.9999220820821738
7.912,0.9974955811025856,0.9999238480489979,0.9999236227826166
7.92,0.9974947995103293,0.9999253177489815,0.9999251160138971
7.928,0.9974939754309778,0.9999267420287886,0.9999265631459416
7.936,0.9974931101381489,0.9999281222037684,0.9999279655121946
7.944,0.9974922048702868,0.9999294595540947,0.9999293244104933
7.952,0.9974912608315164,0.9999307553256156,0.9999306411039225
7.96,0.9974902791924785,0.999932010730687,0.9999319168216527
7.968,0.9974892610911484,0.9999332269489843,0.9999331527597696
7.976,0.9974882076336394,0.9999344051282921,0.9999343500820712
7.984,0.9974871198949843,0.9999355463852928,0.9999355099208598
7.992,0.9974859989199059,0.999936651806326,0.9999366333777115
8,0.9974848457235687,0.999937722448131,0.9999377215242282
